comment,sentiment
"The proposed amendment is a step in the right direction and will benefit all stakeholders.",positive
"I appreciate the clarity provided in the new draft. Well done!",positive
"The changes are unnecessary and may complicate compliance for small businesses.",negative
"I strongly disagree with the suggested provisions; they are not practical.",negative
"The draft is comprehensive, but some sections need further explanation.",neutral
"Overall, the amendment is good, but the implementation timeline is too short.",neutral
"The new rules will help streamline the process and reduce paperwork.",positive
"There is a lack of clarity in section 4.2, which could lead to confusion.",neutral
"The proposed changes will increase costs for companies.",negative
"I support the initiative, but more details are required on enforcement.",neutral
"Excellent move towards transparency and accountability.",positive
"The amendment overlooks the challenges faced by rural enterprises.",negative
"The language used in the draft is clear and easy to understand.",positive
"The consultation process is appreciated, but the feedback window is too short.",neutral
"The draft does not address the main concerns of the industry.",negative
"The proposed changes will simplify reporting requirements for most stakeholders.",positive
"I find the objectives of the amendment reasonable, but more flexibility is needed.",neutral
"The draft will likely reduce turnaround times and improve efficiency.",positive
"Several clauses are vague and could lead to inconsistent application.",negative
"The consultation demonstrates responsiveness to public feedback.",positive
"More examples or implementation notes would help small entities comply.",neutral
"This will be burdensome for companies with limited administrative capacity.",negative
"The language is well-structured and easy to follow.",positive
"The draft seems biased toward larger corporations and ignores SMEs.",negative
"I welcome the initiative; it addresses many previous gaps.",positive
"The guidance on timelines is insufficient and needs expansion.",neutral
"The changes are likely to have a positive impact on transparency.",positive
"The regulatory cost estimates appear understated.",negative
"The proposal is neutral overall but requires clearer definitions.",neutral
"This amendment will promote fair competition in the market.",positive
"There is no assessment of the impact on cross-border entities.",negative
"The illustrative examples are useful and should be expanded.",positive
"The draft lacks clarity on enforcement mechanisms.",negative
"Stakeholder engagement seems to have been thorough.",positive
"Certain thresholds set in the draft are arbitrary and unjustified.",negative
"The draft provides helpful guidance for compliance officers.",positive
"I am neutral about the technical changes; they seem minor.",neutral
"The proposal could reduce duplication of paperwork across departments.",positive
"The proposed timelines are unrealistic for most respondents.",negative
"The document is well-referenced and cites relevant precedents.",positive
"The consultation window is too short for meaningful review.",negative
"The impact on startups is not clearly evaluated.",neutral
"The draft promotes digital submissions which is a welcome change.",positive
"The exemption criteria are unclear and may lead to disputes.",negative
"The definitions section is helpful but some terms need refinement.",neutral
"The reform will likely streamline approvals and reduce backlogs.",positive
"The proposed penalties seem disproportionate to the violations.",negative
"Overall balance of the draft appears reasonable.",neutral
"The modernization measures are timely and pragmatic.",positive
"The cost-benefit analysis does not consider administrative costs.",negative
"Additional stakeholder training resources would be beneficial.",neutral
"The new reporting format will make data comparable across periods.",positive
"There is a risk of unintended loopholes in clause 7.",negative
"The readability of the document has improved compared to earlier drafts.",positive
"The transition arrangements are vague and need detail.",neutral
"This will encourage compliance through clearer obligations.",positive
"The policy fails to address regional disparities.",negative
"The proposed amendments are consistent with international best practice.",positive
"The timeline for feedback incorporation is not realistic.",negative
"The regulatory definitions are generally clear and concise.",neutral
"The draft appears to reduce ambiguity in reporting standards.",positive
"Some technical requirements impose heavy IT costs on smaller firms.",negative
"The outreach strategy for implementation could be stronger.",neutral
"The provision on exemptions is a positive step.",positive
"The draft does not reflect operational challenges faced by practitioners.",negative
"The examples in annex A clarify complex points well.",positive
"The proposed audit requirements are onerous for micro-enterprises.",negative
"I support the policy, but suggest phased adoption timelines.",neutral
"The guidance on dispute resolution is comprehensive and practical.",positive
"The reporting thresholds will disadvantage mid-sized entities.",negative
"The stakeholder templates are helpful for standardizing submissions.",positive
"The rationale for change in section 5 is not sufficiently evidenced.",negative
"The draft does a good job balancing interests of different groups.",positive
"Insufficient consideration of language accessibility for diverse users.",negative
"The proposed amendment strengthens accountability mechanisms.",positive
"The cost implications for compliance were not adequately calculated.",negative
"I neither strongly support nor oppose the technical clarifications.",neutral
"The update reduces duplication with other regulatory instruments.",positive
"The practical impact on day-to-day operations is understated.",negative
"The alignment with recent judicial decisions is appreciated.",positive
"The proposed fee structure is burdensome to charities and NGOs.",negative
"The document reads as balanced and evidence-based.",neutral
"The amendments will likely shorten approval cycles significantly.",positive
"The enforcement burden may shift disproportionately to local offices.",negative
"The commentary boxes are a useful addition for practitioners.",positive
"I am concerned about the increased data retention requirements.",negative
"The digital onboarding process described is user-friendly.",positive
"The draft does not address data protection concerns adequately.",negative
"The proposed metrics for performance are sensible and measurable.",neutral
"The changes will reduce compliance ambiguity for reporting entities.",positive
"Smaller firms may struggle with the new recordkeeping requirements.",negative
"Clarify how exemptions will be applied in practice.",neutral
"The consultation document reflects a progressive regulatory approach.",positive
"The draft introduces complexities without clear benefits.",negative
"The supporting FAQ should be expanded to aid interpretation.",neutral
"The amendment encourages innovation by removing outdated constraints.",positive
"The proposed monitoring framework is vague and under-resourced.",negative
"The public examples help contextualize the changes.",neutral
"This will improve clarity for international investors.",positive
"There is insufficient stakeholder analysis from affected sectors.",negative
"The procedural steps for appeal are clearly described.",positive
"The timeline for implementation lacks contingency planning.",negative
"The draft is technically sound but needs plain-language edits.",neutral
"The new classification scheme is intuitive and well explained.",positive
"The small business impact assessment is missing key data.",negative
"The templates for submission will save time for filers.",positive
"The draft's assumptions about resource availability are optimistic.",negative
"The cross-references between sections are accurate and helpful.",neutral
"The proposal will enhance transparency of decision-making.",positive
"The amendment may unintentionally increase administrative overhead.",negative
"Recommend publishing an implementation roadmap alongside the draft.",neutral
"The approach to harmonization across rules is well thought out.",positive
"The proposed thresholds could create a compliance cliff.",negative
"Clarify definitions for niche categories to avoid misinterpretation.",neutral
"The draft fosters better governance practices in the sector.",positive
"The enforcement penalties lack proportionality in some cases.",negative
"Several editorial inconsistencies should be corrected before finalization.",neutral
"The proposals will promote fairer market access for new entrants.",positive
"The compliance burden appears to shift costs to consumers.",negative
"Consider stakeholder workshops to explain implementation nuances.",neutral
"The initiative is a positive move toward regulatory simplification.",positive
"The draft overlooks the needs of remote operators and service providers.",negative
"The annexes provide useful templates but need localization guidance.",neutral
"The suggested timelines are realistic and achievable.",positive
"The draft will increase compliance costs during the transition period.",negative
"The text is helpful but could benefit from a summary of key changes.",neutral
"Adopting these amendments will align our standards internationally.",positive
"There is a lack of clear transitional measures for affected parties.",negative
"Provide a short plain-language summary for lay readers.",neutral
"The proposal will reduce repetitive reporting and free up resources.",positive
"The draft imposes extra costs on registrants without clear benefit.",negative
"The procedural clarifications are helpful but not comprehensive.",neutral
"I welcome the move to digital-first submissions; it's long overdue.",positive
"The penalties outlined seem harsh relative to the likely harm.",negative
"Some sections require plain-language explanations for non-experts.",neutral
"The proposed thresholds are appropriate and well-argued.",positive
"The timeline for compliance is too compressed for many stakeholders.",negative
"The examples provided clarify the application of the rules.",positive
"There is insufficient evidence on the impact to micro businesses.",negative
"I appreciate the focus on reducing administrative duplication.",positive
"The draft should include guidance for cross-border entities.",neutral
"The risk-based approach is sensible and pragmatic.",positive
"The draft lacks adequate consideration of sector-specific needs.",negative
"The annexes are practical and will help in implementation.",positive
"The consultation materials are dense and hard to navigate.",negative
"This will improve consistency of submissions across agencies.",positive
"There is little discussion of capacity building for enforcement.",neutral
"The provisions on exemptions are clear and reasonable.",positive
"The proposed reporting frequency may be onerous for small firms.",negative
"The draft aligns well with international guidance on the subject.",positive
"The cost estimates don't reflect ongoing administrative expenses.",negative
"The guidance on recordkeeping is precise and actionable.",positive
"The draft needs a clearer statement of policy objectives.",neutral
"The proposal encourages use of standardized templates, which is helpful.",positive
"The criteria for waiver eligibility are not transparent enough.",negative
"Implementation support materials should be provided for stakeholders.",neutral
"The changes will streamline approvals and reduce delays.",positive
"The proposal may inadvertently disadvantage regional operators.",negative
"The change to reporting fields will improve data quality.",positive
"The draft lacks adequate input from affected civil society groups.",negative
"The plain-language guide is a good addition for non-technical users.",positive
"The scope of the amendment is too narrow to address systemic issues.",neutral
"The risk assessment methodology is logical and defensible.",positive
"The administrative burden during the transition is a concern.",negative
"The proposed timelines provide sufficient time for preparation.",positive
"The economic analysis needs more transparency on assumptions.",negative
"The templates in Annex C are clear and easy to use.",positive
"There is ambiguity in the definition of key reporting terms.",neutral
"The reform will likely encourage compliance through simplification.",positive
"The compliance costs for not-for-profits are not evaluated.",negative
"The draft's cross-references make navigation straightforward.",positive
"The interplay with other statutes is not fully explained.",negative
"The measure to reduce duplication is likely to save time and money.",positive
"The consultation period should be extended for thorough review.",neutral
"The amendment will help harmonize reporting across jurisdictions.",positive
"The burden on local regulators is not quantified in the impact study.",negative
"The examples demonstrating compliance scenarios are helpful.",positive
"The proposed data retention periods are excessive without justification.",negative
"The change promotes clarity in obligations for filers.",positive
"The draft overlooks the needs of remote and rural operators.",negative
"The explanatory notes are concise and aid understanding.",positive
"The thresholds may create compliance cliffs at scale boundaries.",negative
"The proposal's aim to reduce red tape is commendable.",positive
"The policy does not address transitional licensing issues clearly.",neutral
"The draft's user-facing materials will aid voluntary compliance.",positive
"The proposed monitoring framework seems under-resourced.",negative
"The revision will make it easier for newcomers to comply.",positive
"The draft does not account for regional economic differences.",negative
"The formatting and layout of the document improve readability.",positive
"The scope expansion may increase regulatory complexity overall.",negative
"The consultation shows good stakeholder engagement to date.",positive
"The explanatory diagrams should be localized for different audiences.",neutral
"The proposed templates will reduce errors in data submission.",positive
"There is insufficient discussion on data anonymization concerns.",negative
"The draft is a positive step toward modernized regulation.",positive
"The amendment might increase short-term compliance costs.",negative
"A clear summary of key changes for practitioners would help.",neutral
"The proposal supports better interoperability between systems.",positive
"The policy lacks adequate clarity on appeals procedures.",negative
"The approach is evidence-informed and aligns with best practice.",positive
"There is limited consideration of language and accessibility needs.",negative
"The clarifications reduce the potential for inconsistent interpretation.",positive
"The draft's assumptions about IT readiness are optimistic.",negative
"The supporting case studies illustrate likely outcomes well.",positive
"The draft could more clearly address small-scale operators' needs.",neutral
"The changes should lower administrative costs for most filers.",positive
"The enforcement resources required are not properly scoped.",negative
"The proposed fee relief for certain categories is helpful.",positive
"The policy may create uneven compliance burdens across sectors.",negative
"The document is concise and to the point, which aids review.",positive
"The proposed standards could be misaligned with sector realities.",negative
"The consultation summary provides useful context for changes.",neutral
"The change will enhance data quality for better policy-making.",positive
"Some obligations appear duplicative of existing reporting rules.",negative
"The draft is practical and recognizes operational constraints.",positive
"The lack of a clear implementation timeline is concerning.",negative
"The new guidance on exemptions is pragmatic and helpful.",positive
"The draft underestimates training needs for frontline staff.",negative
"The suggested approach is pragmatic and feasible.",positive
"The proposed audit requirements are too frequent for low-risk entities.",negative
"The plain-language summary is an excellent accessibility measure.",positive
"The draft could better explain the rationale for new thresholds.",neutral
"The amendments will reduce duplication with other reporting regimes.",positive
"The change may increase burden on entities with limited resources.",negative
"The templates and checklists will save time for applicants.",positive
"The draft's risk calibration is unclear in several places.",negative
"The draft will improve clarity when applied across departments.",positive
"The document should include more sector-specific examples.",neutral
"The proposed changes encourage digital-first interactions effectively.",positive
"There is not enough detail on how compliance will be monitored.",negative
"The reform's objectives are clearly stated and measurable.",positive
"The impact on small regional operators is not assessed adequately.",negative
"The draft's examples help interpret complex provisions clearly.",positive
"Clause 12 could be misapplied without additional guidance.",negative
"The consultation has captured a wide range of stakeholder views.",positive
"The draft lacks a clear risk-based enforcement matrix.",neutral
"The changes improve alignment with international reporting norms.",positive
"The compliance costs during the rollout will be significant for some.",negative
"The guidance on appeals and review is clear and fair.",positive
"The draft doesn't sufficiently address cross-border data flows.",negative
"The new reporting categories are logical and reduce ambiguity.",positive
"The timelines for phased implementation are unclear.",neutral
"The amendment reduces unnecessary paperwork for routine filings.",positive
"The proposed reporting burden on micro-enterprises is concerning.",negative
"The supporting examples in Annex D are directly applicable.",positive
"The draft lacks input from practitioner organizations.",negative
"The changes are a meaningful step toward simplification.",positive
"There is limited assessment of cumulative regulatory burden.",negative
"The glossary clarifies many previously ambiguous terms.",positive
"The draft should better acknowledge regional enforcement capacity.",negative
"The decision tree included is helpful for compliance officers.",positive
"The proposed exemptions may be open to inconsistent interpretation.",neutral
"The amendment supports clearer governance arrangements.",positive
"The policy may shift costs disproportionately to end users.",negative
"Consider a phased pilot to test operational impacts before nation-wide rollout.",neutral
"The revision will reduce redundant filings and duplication across agencies.",positive
"The draft's data access provisions require stronger safeguards.",negative
"The document is well-referenced and cites relevant sources.",positive
"The operational impact on underserved regions is not evaluated.",negative
"The change will make it easier for new entrants to comply with minimal guidance.",positive
"Some reporting requirements seem misaligned with business cycles.",negative
"Recommend providing a checklist for first-time filers to reduce errors.",neutral
"The reforms will likely enhance transparency and public trust.",positive
"The draft underplays the costs of system upgrades for filers.",negative
"The proposed metrics for evaluation are achievable and sensible.",neutral
"The document will help standardize reporting across departments.",positive
"The draft may inadvertently increase paperwork for small charities.",negative
"The explanatory examples are very helpful for practitioners.",positive
"The implementation plan would benefit from clearer milestones.",neutral
"The changes will reduce ambiguity and support consistent compliance.",positive
"The consultation does not address language diversity in outreach.",negative
"Consider publishing a short FAQ addressing common implementation questions.",neutral
"The proposal improves predictability for regulated entities.",positive
"The draft contains some internal inconsistencies that need correction.",negative
"The recommended templates reduce potential for misfiling and errors.",positive
"The cost-benefit analysis lacks sensitivity testing.",negative
"The timeline allows reasonable time for transition for most entities.",positive
"The draft may impose additional reporting obligations on SMEs.",negative
"The summary of changes is a useful quick reference for stakeholders.",neutral
"The proposed changes will make compliance simpler for first-time filers.",positive
"The draft overlooks the reporting needs of cross-border service providers.",negative
"I have no strong views; the technical edits are minor.",neutral
"The modernization of forms will reduce processing time significantly.",positive
"The new documentation requirements could overwhelm volunteer-run groups.",negative
"The explanations are balanced and help interpret the intent.",neutral
"The draft increases transparency around licensing decisions.",positive
"The consultation underestimates costs for remote operators.",negative
"The glossary clarifies many previously ambiguous terms.",neutral
"Migrating to a single digital portal is a clear improvement.",positive
"The proposed audit scope is too broad for the stated risks.",negative
"I am neutral; the changes are incremental rather than transformational.",neutral
"The draft provides a clear framework for exemptions.",positive
"The consultation fails to consider language support needs.",negative
"The annex examples make complex points easier to follow.",neutral
"The reform should reduce delays in approvals across departments.",positive
"The implementation costs for small NGOs are not assessed.",negative
"The timeline proposed gives adequate time for stakeholder adjustment.",neutral
"The changes will improve accuracy of public records.",positive
"The draft could better address the needs of micro-enterprises.",negative
"The templates will reduce common errors in submissions.",neutral
"The provisions encourage best-practice governance across entities.",positive
"The monitoring mechanisms lack independent oversight.",negative
"The plain-language summary aids non-expert readers effectively.",neutral
"The policy aligns with recent international guidance on reporting.",positive
"The draft lacks a clear cost estimate for system upgrades.",negative
"The structure of the document improves navigability.",neutral
"The revision will streamline inter-agency data exchange.",positive
"The proposed thresholds could unfairly penalize small operators.",negative
"The examples provided are relevant and well-chosen.",neutral
"The update will foster better compliance through clarity.",positive
"The draft provides insufficient detail on appeals procedures.",negative
"The guidance aligns with existing statutory language nicely.",neutral
"The approach minimizes duplication of filings for large groups.",positive
"The amendments may increase short-term administrative burdens.",negative
"The templates are easy to use and reduce ambiguity.",neutral
"The policy change will likely reduce processing backlogs.",positive
"The draft's enforcement approach could be more proportionate.",negative
"The coverage of transitional measures is adequate.",neutral
"The move to standardized reporting fields is positive.",positive
"The proposed fee structure lacks adequate justification.",negative
"The explanatory flowcharts aid implementation planning.",neutral
"The proposed compliance incentives are well-designed.",positive
"There is little discussion of data minimization principles.",negative
"The document offers helpful direction for compliance officers.",neutral
"The suggested timelines are feasible for most organizations.",positive
"The draft does not sufficiently assess impacts on freelancers.",negative
"The cross-references are accurate and helpful for readers.",neutral
"The change will reduce manual interventions in processing.",positive
"The draft's assumptions about staffing capacity are optimistic.",negative
"The examples in Annex E are practical and illustrative.",neutral
"The proposed measures will increase regulatory certainty.",positive
"The draft overlooks the needs of remote service providers.",negative
"The layout of the document improves readability for stakeholders.",neutral
"The digital submission process will lower error rates substantially.",positive
"The draft should better explain emergency or temporary measures.",negative
"The inclusion of sample letters is useful for applicants.",neutral
"The amendment should reduce duplicated reporting across agencies.",positive
"The proposed monitoring lacks clarity on resource allocation.",negative
"The commentary boxes help explain the rationale behind changes.",neutral
"The new approach improves clarity around responsibilities.",positive
"The draft's implementation costs may be prohibitive for some.",negative
"A plain-language quick guide would help public consultation response.",neutral
"The proposal will enhance interoperability among existing systems.",positive
"The draft gives too little consideration to the charity sector.",negative
"The proposed reporting cadence is appropriate for risk levels.",neutral
"The draft strengthens transparency in decision-making processes.",positive
"The policy could impose hidden administrative costs on small firms.",negative
"The transition plan includes reasonable milestones.",neutral
"The change will reduce discretion and increase fairness.",positive
"The draft lacks evidence for some major policy choices.",negative
"The guidance on appeals timelines is clear and practical.",neutral
"The standardized fields will support better data analytics.",positive
"The draft does not sufficiently address multilingual outreach.",negative
"The document's examples are representative of common cases.",neutral
"The amendments will likely improve compliance behavior overall.",positive
"The consultation process needs more transparency on decision criteria.",negative
"The explanatory notes provide helpful context for implementers.",neutral
"The proposed simplifications will reduce administrative duplication.",positive
"The proposed scope expansion risks overreach without safeguards.",negative
"The checklist at the end helps first-time filers a lot.",neutral
"The policy is forward-looking and supports modernization.",positive
"The draft's cost estimates omit important overheads.",negative
"The alignment with other regulatory instruments is evident.",neutral
"The draft reduces ambiguity in reporting duties across entities.",positive
"The draft may disproportionately affect community organizations.",negative
"The implementation resources cited seem adequate.",neutral
"The reform simplifies procedures for multi-jurisdictional entities.",positive
"The draft's timelines could be tightened for clarity.",negative
"The document's structure makes it easy to locate relevant sections.",neutral
"The change encourages better recordkeeping practices.",positive
"The draft does not provide enough examples for edge cases.",negative
"The FAQs included will help reduce common queries.",neutral
"The proposed changes will enhance fairness and predictability.",positive
"The policy may impose disproportionate compliance costs on startups.",negative
"The implementation guidance is practical and implementable.",neutral
"The proposed amendment will streamline inter-agency reporting.",positive
"The draft undervalues the resources needed for staff training.",negative
"The plain-language summary is valuable for general audiences.",neutral
"The draft's aim to reduce red tape is evident and welcome.",positive
"Certain provisions might overlap with existing local regulations.",negative
"The document clarifies many previous ambiguities in practice.",neutral
"The proposal will reduce duplication and improve data quality.",positive
"There is a lack of specific guidance for low-capacity entities.",negative
"The proposed templates are clear and encourage consistency.",neutral
"The changes align with international standards in important areas.",positive
"The draft should better explain criteria for exemptions.",negative
"The document contains useful implementation checklists.",neutral
"The reform will reduce unnecessary administrative steps.",positive
"The consultation materials could be more accessible for non-specialists.",negative
"The guidance on record retention periods is explicit and helpful.",neutral
"The standardization of reporting fields will aid comparative analysis.",positive
"The draft's enforcement approach needs clearer proportionality tests.",negative
"The inclusion of sample templates is a practical benefit.",neutral
"The proposal will likely reduce processing backlogs considerably.",positive
"The proposed thresholds lack justification for their selection.",negative
"The annexes provide helpful templates and examples for users.",neutral
"The amendment will simplify multi-stage approval processes.",positive
"The draft may increase short-term costs for community organizations.",negative
"The draft includes a clear timeline for phased rollout.",neutral
"The update will make compliance obligations more predictable.",positive
"The consultation underestimates the need for outreach materials.",negative
"The flowcharts clarify decision points for implementers.",neutral
"The change to digital submissions will improve data integrity.",positive
"The draft lacks a clear plan for training enforcement officers.",negative
"The sample cases are effective in illustrating application.",neutral
"The amendments support consistency across regulatory instruments.",positive
"The proposed reporting frequency may be too burdensome for nonprofits.",negative
"The glossary and definitions are comprehensive and helpful.",neutral
"The reform will promote transparency across the board.",positive
"The draft overlooks certain industry-specific operational realities.",negative
"The document's layout and navigation are user-friendly.",neutral
"The change should speed up response times for applicants.",positive
"The draft's impact on micro-businesses is not adequately assessed.",negative
"The explanatory notes address many likely implementation questions.",neutral
"The proposed templates will standardize filing formats usefully.",positive
"The consultation lacks sufficient detail on long-term impacts.",negative
"The annex examples are concise and directly applicable.",neutral
"The amendments improve clarity around exemptions and waivers.",positive
"The proposed changes could complicate compliance for charities.",negative
"The implementation roadmap is practical and time-bound.",neutral
"The proposal's intent to reduce redundancy is clear and welcome.",positive
"The draft's economic assumptions should be validated further.",negative
"The cross-references between sections help readers navigate the draft.",neutral
"The reform will likely lead to faster processing times overall.",positive
"The draft should more clearly indicate who bears the compliance costs.",negative
"The guidance on dispute resolution is fair and transparent.",neutral
"The proposed changes will reduce administrative duplication significantly.",positive
"The draft lacks adequate consideration of informal sector impacts.",negative
"The policy rationale is well-explained in the introductory section.",neutral
"The digitization measures will modernize the submission process.",positive
"The draft's timelines for compliance are inconsistent in places.",negative
"The annex provides useful checklists for routine compliance tasks.",neutral
"The reform encourages harmonization across related regimes.",positive
"The consultation should better articulate transitional relief measures.",negative
"The provision of templates reduces ambiguity for filers.",neutral
"The proposed amendment will make decision-making more transparent.",positive
"There is a risk of increased admin burden during the initial phase.",negative
"The document's examples cover most common scenarios.",neutral
"The change will make it easier to compare data over time.",positive
"The draft should include an assessment of regional resource impact.",negative
"The suggested timelines for feedback are reasonable.",neutral
"The amendment will help align domestic rules with global norms.",positive
"The draft places additional recordkeeping requirements on small firms.",negative
"The policy objectives are clearly stated and measurable.",neutral
"The reform will streamline reporting and reduce redundancy.",positive
"The consultation did not engage enough with civil society groups.",negative
"The layout of the draft aids quick reference for practitioners.",neutral
"The update to definitions resolves long-standing ambiguity.",positive
"The draft's workload estimates are optimistic and need scrutiny.",negative
"The explanatory notes are practical for operational use.",neutral
"The proposal enhances consistency and predictability for stakeholders.",positive
"The draft does not sufficiently consider nonprofits' constraints.",negative
"The templates in annexes will help ensure completeness of filings.",neutral
"The modernization efforts will reduce unnecessary manual steps.",positive
"The draft's assumption about IT readiness should be tested.",negative
"The inclusion of an executive summary is a helpful feature.",neutral
"The proposed reporting fields will improve data comparability.",positive
"The proposal may require costly upgrades to legacy systems.",negative
"The policy background provides useful context for the changes.",neutral
"The amendment will improve transparency in regulatory decision-making.",positive
"The proposed fee increases are not justified by cost evidence.",negative
"The case studies included are helpful for implementers.",neutral
"The reform reduces duplication and streamlines inter-agency flows.",positive
"There is insufficient consideration of language and accessibility needs.",negative
"The draft's structure allows stakeholders to identify key changes quickly.",neutral
"The changes will encourage better compliance through simpler rules.",positive
"The draft may unintentionally create compliance hurdles for small operators.",negative
"The document explains the expected benefits clearly.",neutral
"The proposed measures will enhance public accountability.",positive
"The draft underestimates ongoing operational costs for filers.",negative
"The templates are well-designed and user-focused.",neutral
"The amendments are likely to reduce processing times substantially.",positive
"The consultation lacks a clear plan for outreach to disadvantaged groups.",negative
"The section-by-section guide is useful for legal reviewers.",neutral
"The proposal will reduce the number of repetitive filings required.",positive
"The draft's impact analysis needs more robust methodology.",negative
"The document provides clear guidance for phased implementation.",neutral
"The changes should support better data-driven policymaking.",positive
"The proposed sanctions may deter minor non-compliance excessively.",negative
"The annex with templates is practical and time-saving for users.",neutral
"The approach to stakeholder consultation is commendable and inclusive.",positive
"The draft will improve predictability for regulated entities.",positive
"There are unanswered questions about cross-jurisdictional enforcement.",neutral
"The proposal reduces duplication and clarifies reporting duties.",positive
"Implementation costs have been underestimated in the impact assessment.",negative
"The exemptions framework is sensible and well-justified.",positive
"The new definitions may create unintended classification issues.",negative
"The document is generally balanced though some technical edits needed.",neutral
"This revision will lower administrative burdens for filers.",positive
"The timelines conflict with existing statutory deadlines.",negative
"The clarity on recordkeeping standards is particularly useful.",positive
"The draft lacks sufficient guidance for enforcement officers.",negative
"Overall the policy direction is positive and evidence-based.",positive
"I am neutral; the draft addresses a narrow set of issues only.",neutral
"The standardized templates will reduce filing errors.",positive
"The impact on informal sector operators is not considered.",negative
"Good to see alignment with international standards.",positive
"Potential privacy implications are not fully explained.",negative
"The explanatory notes help interpret complex provisions.",positive
"The thresholds should be adjusted to protect small entities.",negative
"This will improve transparency around decision-making processes.",positive
"The proposed audit frequency is excessive for low-risk actors.",negative
"The policy is a welcome modernization of existing rules.",positive
"The document could better address language accessibility.",neutral
"The amendment promotes digital filing which saves time.",positive
"The criteria for waivers are vague and need tightening.",negative
"The cross-reference table aids navigation of the draft.",positive
"The draft lacks an assessment of regional economic impact.",negative
"The regulatory objectives are clearly articulated.",positive
"There is insufficient data supporting the estimated benefits.",negative
"The approach balances flexibility with clear obligations.",positive
"I remain neutral; more stakeholder engagement would help.",neutral
"The proposal will reduce administrative duplication across agencies.",positive
"The proposed sanctions are disproportionately harsh.",negative
"The guidance on transitional arrangements is useful.",positive
"The cost implications for nonprofits are not addressed.",negative
"The draft is well-structured and logically ordered.",positive
"Some defined terms appear contradictory and need fixing.",negative
"The public examples make the application straightforward.",positive
"The consultation period is too brief for thorough review.",negative
"The new reporting fields are sensible and measurable.",positive
"The policy fails to consider remote service providers adequately.",negative
"This draft improves existing guidance in a pragmatic way.",positive
"The implementation timeframe is unrealistic for many stakeholders.",negative
"The summary of changes is concise and helpful.",positive
"There is limited engagement with civil society perspectives.",negative
"The guidance aligns well with contemporaneous reforms.",positive
"The proposed metrics are not robust enough for evaluation.",negative
"The annex provides clear templates for submissions.",positive
"The burden on local authorities is not quantified.",negative
"The amendment is likely to increase compliance rates.",positive
"More clarity needed on how exemptions will be granted.",neutral
"The proposal prioritizes transparency and accountability.",positive
"The draft's language may exclude non-native speakers.",negative
"The consultation materials are thorough and well-presented.",positive
"The economic assumptions are optimistic and need sensitivity testing.",negative
"I neither support nor oppose the technical clarifications.",neutral
"The change will reduce redundant filings and ease compliance.",positive
"This may place unexpected costs on micro-enterprises.",negative
"The integration with related instruments is clearly mapped out.",positive
"There is insufficient empirical evidence to justify some measures.",negative
"The document's plain-language summaries are a big improvement.",positive
"The draft overlooks operational constraints in rural regions.",negative
"The procedural steps are clearly defined and practical.",positive
"The proposed reporting cadence may be too frequent for small firms.",negative
"The harmonization approach will aid multinational compliance.",positive
"The consultation underestimates stakeholder training needs.",negative
"The regulatory objectives are proportionate to the risks identified.",positive
"The draft lacks a clear communications plan for roll-out.",neutral
"The provisions will support better data consistency across reports.",positive
"The draft introduces technical complexity without clear benefit.",negative
"The public consultation process appears inclusive.",positive
"The thresholds should include phased transition mechanisms.",neutral
"The policy strengthens governance and oversight functions.",positive
"The draft does not address enforcement resource constraints.",negative
"The checklist in Annex B is practical and user-friendly.",positive
"The assessment of cumulative burdens is missing.",negative
"The changes seem likely to improve investor confidence.",positive
"The draft could better recognise the needs of family-run businesses.",negative
"The document would benefit from a short executive summary.",neutral
"The proposed reporting portal is intuitive and accessible.",positive
"The amendment may inadvertently create regulatory overlap.",negative
"Clarify whether existing filings will remain valid under the new rules.",neutral
"The reforms promote clarity and reduce discretionary interpretation.",positive
"The draft's assumptions about administrative capacity are weak.",negative
"Provide illustrative case studies to guide implementation.",neutral
"The revision will modernize outdated procedures effectively.",positive
"The proposed compliance checks could be streamlined further.",negative
"The FAQ section addresses many likely queries succinctly.",positive
"The impact on cross-border trade is not analysed in depth.",negative
"The document strikes a balance between ambition and pragmatism.",neutral
"The amendments will encourage better recordkeeping practices.",positive
"There is risk of uneven application across jurisdictions.",negative
"Consider a pilot phase before full national implementation.",neutral
"The incentives introduced will encourage voluntary compliance.",positive
"The changes may increase the administrative burden short-term.",negative
"The draft's tone is technical; consider a lay summary for the public.",neutral
